CREATE TABLE osztalyok ( 
    id INT NOT NULL,
    osztalyNev VARCHAR(25) NOT NULL UNIQUE,
    PRIMARY KEY (id)
);

CREATE TABLE klubok ( 
    id INT NOT NULL,
    klubNev VARCHAR(16) NOT NULL UNIQUE,
    PRIMARY KEY (id)
);

CREATE TABLE hajok ( 
    id INT NOT NULL,
    hajoNev VARCHAR(27) NOT NULL,
    hajoOszt INT NOT NULL,
    vitorlaSzam VARCHAR(10) NOT NULL,
    kormanyosNev VARCHAR(27) NOT NULL,
    klubId INT NOT NULL,
    ido TIME NULL,
    pontok INT NOT NULL,
    PRIMARY KEY (id),
    FOREIGN KEY (hajoOszt) REFERENCES osztalyok(id),
    FOREIGN KEY (klubId) REFERENCES klubok(id)
);

INSERT INTO osztalyok VALUES 
(1, '11m One Design'),
(2, '15-ös túrajolle'),
(3, '25-ös túrajolle'),
(4, '30-as cirkáló'),
(5, '33-as'),
(6, '50-es cirkáló'),
(7, '70-es cirkáló'),
(8, '8m One Design'),
(9, '8m OPEN'),
(10, 'Asso 99'),
(11, 'B 25'),
(12, 'Bavaria 32'),
(13, 'Cruiser Class'),
(14, 'Dolphin'),
(15, 'Elliott 770'),
(16, 'Európa 30-as'),
(17, 'Folkboat'),
(18, 'J24'),
(19, 'L30 OD Hungary'),
(20, 'Melges 24'),
(21, 'Nau 370 Run'),
(22, 'Nautic'),
(23, 'Nautic 330'),
(24, 'Nyílt többtestű'),
(25, 'ORC'),
(26, 'Összevont cirkáló'),
(27, 'Regina'),
(28, 'Scholtz 22'),
(29, 'Sudár Regatta'),
(30, 'Sudár Sport'),
(31, 'Yardstick I/1 csoport'),
(32, 'Yardstick I/2 csoport'),
(33, 'Yardstick II. csoport'),
(34, 'Yardstick III/1 csoport'),
(35, 'Yardstick III/2 csoport'),
(36, 'Yardstick Open csoport');

INSERT INTO klubok VALUES 
(1, 'ADMIRALIS'),
(2, 'ALU SE'),
(3, 'ARSC'),
(4, 'ARVSE'),
(5, 'ASE'),
(6, 'AVIS SE'),
(7, 'AYCE'),
(8, 'Azúr SE'),
(9, 'BALATONI YC'),
(10, 'BESE'),
(11, 'BFENYVES'),
(12, 'BFVSE'),
(13, 'BH 1356'),
(14, 'BHSE'),
(15, 'BKKE SE'),
(16, 'BM TVSE'),
(17, 'BM VSE'),
(18, 'BORA'),
(19, 'BSF VK'),
(20, 'BYC'),
(21, 'Compass'),
(22, 'DEAC'),
(23, 'DO VSE'),
(24, 'DSC'),
(25, 'DSE'),
(26, 'DVSE'),
(27, 'EGIS'),
(28, 'ERBE'),
(29, 'ER-PETRO'),
(30, 'ESC'),
(31, 'ESK'),
(32, 'Északi Szél SE'),
(33, 'ÉVSC'),
(34, 'EVSE'),
(35, 'ExperTeam SE'),
(36, 'FKVE'),
(37, 'FONYÓDI VE'),
(38, 'FSE'),
(39, 'FY BVSE'),
(40, 'GESK'),
(41, 'GKM SE'),
(42, 'GYKSE'),
(43, 'GYSKE'),
(44, 'Hajógyár SE'),
(45, 'HOLT PONT'),
(46, 'HS VSE'),
(47, 'HVE'),
(48, 'HYC'),
(49, 'IBM SE'),
(50, 'JUNO SE'),
(51, 'KDSE'),
(52, 'KEREKED'),
(53, 'KJAVSE'),
(54, 'KMPVSE'),
(55, 'KSE'),
(56, 'KVK'),
(57, 'KVSE'),
(58, 'KVSE1'),
(59, 'KVSE2'),
(60, 'KYC'),
(61, 'KYK VSE'),
(62, 'LÉP SE'),
(63, 'MAFC-MVK'),
(64, 'Magyar J24 VSE'),
(65, 'Merkapt SE'),
(66, 'MEVE'),
(67, 'MNB SK'),
(68, 'MTDSC'),
(69, 'MVM SE'),
(70, 'MVSE'),
(71, 'NVE'),
(72, 'Ocean Sailing SE'),
(73, 'OMFB'),
(74, 'OS VSE'),
(75, 'OSC'),
(76, 'OSE'),
(77, 'Piarista'),
(78, 'Ponton Klub'),
(79, 'PŐFF SE'),
(80, 'PRO SE'),
(81, 'PRYC'),
(82, 'PVSE'),
(83, 'RIVE'),
(84, 'RVE'),
(85, 'RVSE'),
(86, 'RYC'),
(87, 'SKVE'),
(88, 'SSSE'),
(89, 'SVE'),
(90, 'SVS'),
(91, 'SVSK'),
(92, 'Szántódi VE'),
(93, 'Szélkerék SE'),
(94, 'SZVE'),
(95, 'TABU'),
(96, 'Tecon SE'),
(97, 'TESZTSE'),
(98, 'THE-YKA'),
(99, 'T-Jolle VSE'),
(100, 'TRYC');

INSERT INTO klubok VALUES 
(101, 'TSE'),
(102, 'TVSK'),
(103, 'TVVSE'),
(104, 'TYC'),
(105, 'VESC'),
(106, 'VGYE'),
(107, 'VIA SE'),
(108, 'VID'),
(109, 'VILATI SE'),
(110, 'VJSC'),
(111, 'VMVE'),
(112, 'VSC'),
(113, 'VSEK'),
(114, 'VVEB'),
(115, 'VVSI'),
(116, 'WIN-D SE'),
(117, 'YCTBJ'),
(118, 'YEGY'),
(119, 'ZVE'),
(120, 'ZVVE'),
(121, 'ZZZ');

INSERT INTO hajok VALUES 
(1, 'Xtreme', 28, '42', 'Ábrányi Tamás', 118, NULL, 557),
(2, 'Gioia', 33, '1772', 'Ádám Zsolt Attila', 5, NULL, 557),
(3, 'Amina Pro', 25, '3002', 'Ádler Gyula', 58, NULL, 557),
(4, 'Maritime', 9, '77', 'Ambrózy György', 89, NULL, 557),
(5, 'Tardex', 19, '12', 'Andrii Husenko', 97, NULL, 557),
(6, 'Kis Tutti', 3, '69', 'Aradi Nándor', 20, '36:13:35', 151),
(7, 'Tiplee', 32, '1774', 'Árkossy Bálint', 116, NULL, 557),
(8, 'Vizisikló', 8, '128', 'Asztalos Gábor', 89, NULL, 557),
(9, 'Desiderata', 32, '1713', 'Babos János', 102, '36:33:03', 180),
(10, 'Zenit', 33, '1343', 'Bács Zalán', 9, '42:10:33', 325),
(11, 'Ganz Danubius', 36, '721', 'Bajusz András', 51, NULL, 557),
(12, 'Rosa-SsangYong Sailing Team', 32, '21', 'Bakóczy Zoltán', 96, '37:46:06', 231),
(13, 'Fekete Ló', 32, '885', 'Bakos Csanád', 50, '35:57:08', 102),
(14, 'Sparta', 32, '3105', 'Bakos Miklós', 22, '37:22:17', 219),
(15, 'Catullus Maximus', 34, '1145', 'Balázs Gábor', 102, '40:19:49', 302),
(16, 'Mokány', 2, '21', 'Balla Zoltán', 3, NULL, 557),
(17, 'Zero', 33, '1817', 'Bangó József', 39, NULL, 557),
(18, 'Hobby', 35, '157', 'Bánhegyesi Attila', 10, '46:56:32', 341),
(19, 'Sunset', 27, '769', 'Bánrévi Lili', 45, NULL, 557),
(20, 'Marilyn', 33, '927', 'Baranyai Ferenc', 102, NULL, 557),
(21, 'Liber8', 31, '8015', 'Baráth Barna', 104, NULL, 557),
(22, 'Daruvár', 26, '1', 'Barinkai Rudolf', 38, '39:19:37', 284),
(23, 'Lucifer', 32, '666', 'Barsi Norbert', 107, '38:11:48', 252),
(24, 'Szivárvány', 2, '9', 'Barta Ferenc', 80, '36:48:33', 201),
(25, 'Sólyom', 33, '7502', 'Barták Imre', 37, NULL, 557),
(26, 'Vici', 12, '1502', 'Bártfai Zsolt', 58, '36:03:57', 122),
(27, 'Caipirinha long', 1, '166', 'Bartos György Tibor', 104, '33:08:48', 61),
(28, 'Vigasz', 29, '600', 'Báti Péter', 102, NULL, 557),
(29, 'Mangó 7', 33, '3495', 'Bédi Attila', 36, '43:18:49', 329),
(30, 'Paulus', 32, '3806', 'Bednár Tibor', 89, NULL, 557),
(31, 'Ribstory', 24, '36', 'Behek István', 66, '11:57:25', 4),
(32, 'Carina', 29, '132', 'Békési Miklós', 8, NULL, 557),
(33, 'Luca', 33, '7103', 'Bellabás László', 20, NULL, 557),
(34, 'Eagle', 31, '7300', 'Bencsik László', 20, NULL, 557),
(35, 'Nemere', 32, '2', 'Benedek Attila', 102, '37:18:40', 216),
(36, 'Sansz', 34, '727', 'Benedek Zsolt', 30, NULL, 557),
(37, 'Roxán', 14, '1509', 'Benyovszky Gábor', 49, NULL, 557),
(38, 'Jet Travel', 18, '8', 'Bér Rudolf', 31, NULL, 557),
(39, 'Anna', 32, '3405', 'Berdó József', 58, NULL, 557),
(40, 'Estrella', 33, '6854', 'Berényi Péter Roland', 116, NULL, 557),
(41, 'Favonius', 12, '1417', 'Berkes Attila', 58, '36:36:18', 185),
(42, 'Pepito', 11, '2505', 'Biczó Zoltán', 11, NULL, 557),
(43, 'Semiramis', 30, '325', 'Bier Norbert', 102, '38:48:37', 274),
(44, 'Szent Ágota', 22, '859', 'Bimbó Beáta', 6, NULL, 557),
(45, 'Galateia', 31, '1216', 'Bognár Árpád', 91, '36:09:45', 140),
(46, 'Kido', 33, '1781', 'Boldis István', 58, '42:34:00', 327),
(47, 'Bolladik', 34, '2098', 'Bolla András', 49, NULL, 557),
(48, 'Pindur', 33, '1656', 'Borda Gábor', 41, '38:11:04', 251),
(49, 'Senorita', 33, '1695', 'Borissza Zsolt', 19, '36:13:48', 153),
(50, 'Maui', 18, '5494', 'Borsik József', 53, '39:12:23', 282),
(51, 'Mahimahi', 22, '899', 'Borsos Ernő', 6, '35:55:59', 85),
(52, 'Scylla', 33, '1450', 'Bucsy György', 68, '38:05:42', 247),
(53, 'Delej', 35, '8516', 'Bujtás András', 33, '46:06:36', 337),
(54, 'Esse', 31, '9907', 'Burger Károly', 56, '32:10:26', 55),
(55, 'Sirocco', 31, '2', 'Cittel Lajos', 68, '25:42:06', 21),
(56, 'Obsession', 1, '220', 'Czap Zoltán', 104, '28:21:40', 30),
(57, 'Nekem 8', 8, '8', 'Czetl Gábor', 14, NULL, 557),
(58, 'Skywalker', 12, '1631', 'Cséfán Illés', 98, '36:59:51', 208),
(59, 'Puffin', 5, '1745', 'Cselényi Botond Miklós', 36, '37:21:13', 217),
(60, 'Tatrang', 32, '3804', 'Csere András', 20, NULL, 557),
(61, 'Szélvadász', 14, '1235', 'Cserny Ferenc', 5, '38:00:16', 241),
(62, 'Eörnie', 35, '1482', 'Csikor Balázs', 39, '40:43:46', 312),
(63, 'Erpel', 33, '1662', 'Csikós László', 118, '38:38:26', 269),
(64, 'Blue Force', 32, '1644', 'Csima Viktor', 45, '38:10:52', 250),
(65, 'Honolulu Star', 29, '58', 'Csontos Alajos', 77, NULL, 557),
(66, 'Béla úr', 32, '1051', 'Csontos Péter Gábor', 29, '35:57:10', 103),
(67, 'Center', 28, '137', 'Csorba Gábor', 102, '35:56:21', 90),
(68, 'Moby Dick', 27, '225', 'Csuka György', 36, '36:56:09', 204),
(69, 'Zipcode', 9, '8002', 'Csury Zoltán', 102, NULL, 557),
(70, 'Iconique', 32, '1793', 'Csuti László', 62, NULL, 557),
(71, 'Ocho', 8, '50', 'Daczó Sándor', 102, '37:12:28', 212),
(72, 'Pannonvoyage', 8, '111', 'Dalos Attila', 102, '35:33:41', 67),
(73, 'Bestia', 16, '12', 'Damokos Kristóf', 104, '35:56:29', 92),
(74, 'Adria 2', 33, 'SVK 517', 'Dazider Machovec (YC Limar)', 97, '36:09:39', 139),
(75, 'Kismedve', 28, '1803', 'Deák Zsolt', 58, '35:54:19', 75),
(76, 'Spirit', 33, '3496', 'Déri Tamás', 107, '41:40:19', 319),
(77, 'POPLART', 24, '8', 'Diószegi Zoltán', 55, '12:18:46', 9),
(78, 'Onix', 13, '868', 'Dobos Attila', 68, '36:07:25', 135),
(79, 'Tranquilo', 33, '1771', 'Domschitz Gergely Kristóf', 72, '42:03:04', 322),
(80, 'Lombard', 8, '108', 'Dr. Ambrus János', 94, NULL, 557),
(81, 'Restless', 25, '1618', 'Dr. Babicsák Bence', 116, '36:04:59', 124),
(82, 'Vígkender II.', 33, '8084', 'Dr. Balogh Gergely Balázs', 22, NULL, 557),
(83, 'Lilly Elliott', 15, '22', 'Dr. Berecz Tímea', 102, '36:09:58', 143),
(84, 'Distinti Saluti', 32, '1631', 'Dr. Biró Péter Gábor', 102, NULL, 557),
(85, 'Amazon', 31, '1010', 'Dr. Bognár László', 20, NULL, 557),
(86, 'Praetor', 23, '857', 'Dr. Borbíró István', 12, '35:56:05', 86),
(87, 'Cosinus', 23, '1520', 'Dr. Bödör Gergely', 5, '32:24:02', 58),
(88, 'Hód', 20, '589', 'Dr. Bujáky Attila', 102, '29:34:57', 42),
(89, 'Új Vízöntő', 5, '3432', 'Dr. Csikós János', 52, NULL, 557),
(90, 'Drazsé', 35, '7', 'dr. Csonka Balázs', 59, NULL, 557),
(91, 'Yogi', 33, '8128', 'Dr. Dolowschiák Márk', 42, '36:27:40', 173),
(92, 'Mágia', 4, '19', 'Dr. Dulin György', 102, '35:57:02', 101),
(93, 'Koan', 31, '758', 'Dr. Feith Zoltán', 52, '28:58:05', 38),
(94, 'Lázadó', 3, '22', 'Dr. Gaál Péter', 102, NULL, 557),
(95, 'Lillafüred', 31, '3', 'Dr. Gál András Levente', 31, '24:49:06', 18),
(96, 'Final Four', 31, '1005', 'Dr. Ganczer Péter', 91, NULL, 557),
(97, 'Ellinore', 26, '81', 'Dr. Gellér László Alajos', 37, '35:56:12', 88),
(98, '66 fok', 32, '713', 'dr. Gunther Tibor', 39, '35:59:48', 110),
(99, 'Rose', 25, '1510', 'Dr. Gyuricza Péter', 9, '36:44:08', 196),
(100, 'Mix', 31, '3508', 'Dr. Hódy Gábor Pál', 58, '32:01:35', 54);

INSERT INTO hajok VALUES 
(101, 'Leewin', 33, '1783', 'Dr. Ifkovics József', 11, NULL, 557),
(102, 'Seppuku', 32, '1273', 'Dr. Jakus László', 6, NULL, 557),
(103, 'Hableány', 13, '1068', 'Dr. Juharos Róbert', 84, '37:08:26', 211),
(104, 'Aladdin', 34, '1770', 'Dr. Juhász Csaba', 54, '44:26:48', 330),
(105, 'Nimfa', 33, '2996', 'Dr. Kacsó Gergely', 91, NULL, 557),
(106, 'MKB-Prospex', 24, '808', 'Dr. Kaiser Kristóf', 44, '11:59:20', 5),
(107, 'Kalamandra II.', 27, '0', 'Dr. Kaposvári István', 116, '39:34:36', 292),
(108, 'Orion', 3, '67', 'Dr. Kató Bálint László', 45, '35:56:51', 98),
(109, 'Luiselotte', 32, '44', 'Dr. Katona Kolos', 69, '36:14:26', 155),
(110, 'St. Elmo', 27, '841', 'Dr. Kelemen Péter Máté', 61, '37:16:37', 213),
(111, 'Pajzán', 8, '88', 'Dr. Kiss Zsolt István', 16, '36:15:15', 160),
(112, 'Juno II.', 34, '737', 'Dr. Kócza Gábor', 49, NULL, 557),
(113, 'Tabu', 26, '4', 'Dr. Kollár Lajos', 95, NULL, 557),
(114, 'Hvalross', 34, '1766', 'Dr. Kutas Péter', 79, NULL, 557),
(115, 'Nelson', 9, '41', 'Dr. Makara Tamás', 102, '32:19:01', 57),
(116, 'Alsol', 30, '34', 'dr. Medina Viktor', 27, '39:35:09', 293),
(117, 'Nádszál', 33, '2501', 'Dr. Mikó Dénes', 6, '36:33:06', 181),
(118, 'MóPogó', 32, '870', 'Dr. Mink Miriam', 64, NULL, 557),
(119, 'Duhaj', 28, '51', 'Dr. Moizs Attila', 16, '36:46:25', 199),
(120, 'Don Rosé', 23, '1166', 'Dr. Molnár Barna', 25, '35:55:34', 82),
(121, 'Twin-Go', 24, '2010', 'dr. Molnár Máté', 106, '30:24:17', 43),
(122, 'Hodu Utu', 15, '49', 'Dr. Münch István', 20, '36:44:07', 195),
(123, 'Héliosz', 14, '1287', 'Dr. Nagy László Gábor', 69, NULL, 557),
(124, 'Natita', 14, '1538', 'Dr. Nagy Tibor', 102, '36:42:32', 194),
(125, 'Putzi', 33, '1777', 'Dr. Pák Péter', 34, NULL, 557),
(126, 'Trollet', 34, '92', 'Dr. Pávics László', 56, NULL, 557),
(127, 'Blue Dragon', 24, 'GER 3265', 'Dr. Peter R Gimethy', 97, NULL, 557),
(128, 'Vámpír', 33, '37465', 'Dr. Pető Béla', 116, '38:24:48', 260),
(129, 'Albatrosz', 33, '113', 'Dr. Pirnát Antal', 114, NULL, 557),
(130, 'Krackerjack', 8, '90', 'Dr. Potsubay Péter', 102, '40:39:50', 310),
(131, 'Banka', 29, '46', 'Dr. Pozsonyi Zoltán Imre', 92, NULL, 557),
(132, 'Matrix', 23, '881', 'Dr. Rausch János György', 6, '35:47:41', 69),
(133, 'Zuzu', 12, '1499', 'Dr. Rozsos Tamás', 58, '36:07:12', 132),
(134, 'Sarah with Love', 33, '565', 'Dr. Schwarczinger Zsolt', 112, '37:29:13', 223),
(135, 'Congeria', 30, '1354', 'Dr. Szabados Gábor', 6, '47:21:50', 342),
(136, 'Code8', 31, '8005', 'dr. Szalai István', 17, NULL, 557),
(137, 'Hullámtáncos', 27, '290', 'Dr. Szalay Zoltán', 5, NULL, 557),
(138, 'Sudár Uno', 30, '301', 'Dr. Szenczi Zalán', 104, '37:24:33', 220),
(139, 'Zephir', 34, '1810', 'Dr. Szendefy János', 36, '39:54:49', 299),
(140, 'Lurkó', 15, '17', 'Dr. Szilassy László', 104, '37:25:30', 222),
(141, 'Jómadár', 4, '17', 'Dr. Szilbereky József', 108, NULL, 557),
(142, 'Briana', 33, '3489', 'Dr. Szirmai László Attila', 44, NULL, 557),
(143, 'Ella', 33, '3491', 'Dr. Szokodi Csaba', 38, NULL, 557),
(144, 'Száz*szép', 29, '778', 'Dr. Szörényi Gábor', 102, '36:09:49', 141),
(145, 'Lurkó', 33, '1497', 'Dr. Tausz István', 102, NULL, 557),
(146, 'Present Perfect', 19, '308', 'Dr. Tenke Péter', 89, '29:09:59', 41),
(147, 'DongFeng', 28, '777', 'Dr. Tóth Gergely', 60, '38:27:04', 262),
(148, 'Windy', 35, '1458', 'Dr. Tóth Máté', 26, '41:57:32', 321),
(149, 'Discovery', 34, '3381', 'Dr. Tretter László', 102, NULL, 557),
(150, 'Rabonbán', 4, '6', 'Dr. Ugron Gáspár Gábor', 9, NULL, 557),
(151, 'Gyu-Ri', 34, '11261', 'Dr. Varga Richárd', 94, NULL, 557),
(152, 'Aventura', 28, '39', 'Dr. Veisz Miklós', 98, '36:07:54', 137),
(153, 'Capella', 7, '2', 'Dr. Vőneky Ákos', 91, NULL, 557),
(154, 'Fiskális', 16, '26', 'Dr. Weidinger György', 84, NULL, 557),
(155, 'Blue Jay', 29, '56', 'Draskóczi Katalin', 49, '36:12:40', 150),
(156, 'Kísértés', 23, '1163', 'Drégelyi Zoltán József', 116, NULL, 557),
(157, 'Tücsök', 33, '2002', 'Dubraviczky Tamás', 17, NULL, 557),
(158, 'Octopus', 8, '110', 'Duka László', 20, '36:39:06', 190),
(159, 'Fourtytwo', 32, '1559', 'Duska Sándor', 13, '41:56:40', 320),
(160, 'Amadeusz', 35, '7609', 'Elekes Gábor', 73, NULL, 557),
(161, 'Blues', 31, '845', 'Elisabeth Rosak (YCA)', 97, NULL, 557),
(162, 'Fishbone', 34, '670', 'Élő Tibor', 114, NULL, 557),
(163, 'Barbarella', 32, '1414', 'Előd Botond', 96, '36:27:20', 172),
(164, 'Nagymedve', 32, '908', 'Ember Sándor', 5, NULL, 557),
(165, 'Emma', 15, '18', 'Emmert Norman', 44, '36:06:38', 130),
(166, 'Indigo', 32, '1080', 'Entz Domokos Pál', 77, NULL, 557),
(167, 'Gyöngy', 23, '1167', 'Erhardt Péter', 89, '35:54:40', 77),
(168, 'Gubanc', 33, '1671', 'Eszes György', 82, '36:29:10', 175),
(169, 'Picur', 5, '2057', 'Fabriczki András', 12, NULL, 557),
(170, 'Re-Life', 29, '194', 'Fadgyas József', 6, '37:45:55', 230),
(171, 'Csupasz', 28, '1', 'Farkas Ákos', 67, NULL, 557),
(172, 'Veretéés', 32, '1358', 'Farkas Attila', 20, '36:11:23', 147),
(173, 'Cirrus III.', 6, '13', 'Farkas János', 81, '36:09:53', 142),
(174, 'TubÁkos', 11, '2502', 'Farmosi Attila', 36, NULL, 557),
(175, 'Maxilla', 33, '5185', 'Fatér Zoltán', 114, '37:46:48', 233),
(176, 'Penny', 11, '4321', 'Fazekas Ákos', 6, '37:22:02', 218),
(177, 'Pegazus', 28, '111', 'Fazekas Ferenc Gyula', 60, NULL, 557),
(178, 'Vino-Bá 3.0', 33, '100', 'Fazekas János', 16, '38:10:25', 249),
(179, 'Fazék', 9, '11', 'Fazekas László', 40, '26:28:58', 23),
(180, 'Ginita', 34, '4331', 'Fehér Attila', 6, NULL, 557),
(181, 'Loupiot', 25, '27906', 'Fehér György', 10, '36:02:44', 118),
(182, 'Celeste', 33, '320', 'Fehérgyarmati-Tóth Károly', 9, NULL, 557),
(183, 'Anna', 7, '6', 'Fehéri Gábor', 98, '27:21:21', 27),
(184, 'Fontos', 29, '1686', 'Fehérvári Zsolt', 19, '39:24:18', 285),
(185, 'Szürkebarát', 31, '34', 'Feind Zoltán', 116, '35:56:53', 99),
(186, 'Indra', 11, '1162', 'Fekete Attila', 90, NULL, 557),
(187, 'Voodoo', 10, '90', 'Fekete Gábor', 102, NULL, 557),
(188, 'Grünhilda', 17, '1406', 'Fekete János', 104, NULL, 557),
(189, 'Salimar', 32, '32012', 'Fernezelyi Ferenc', 52, NULL, 557),
(190, 'Kossava', 32, '1722', 'Figus András', 115, '36:37:37', 189),
(191, 'Bolygó', 35, '46', 'Fináczy László', 102, '39:35:11', 294),
(192, 'Ciao Marina', 32, '1726', 'Fodor Tamás', 98, '37:57:06', 239),
(193, 'Entropy', 19, '7', 'Fraser Brown', 97, NULL, 557),
(194, 'Paloma Blanka', 33, '1580', 'Fucskár László', 36, NULL, 557),
(195, 'Joystick', 29, '97', 'Fülöp Béla', 102, '36:11:21', 146),
(196, 'Tiamat', 35, '111', 'Fülöp Ildikó', 65, NULL, 557),
(197, 'Antares (YS)', 32, '11904', 'Fülöp Zoltán', 44, '36:04:57', 123),
(198, 'Babut', 18, '1286', 'Gacs Jenő', 64, '36:07:18', 134),
(199, 'Silver Garden', 32, '40', 'Galambos Zoltán', 99, '35:55:07', 79),
(200, 'Jukebox', 18, '1622', 'Galla Viktória', 58, '36:26:26', 170);

INSERT INTO hajok VALUES 
(201, 'Polar Beer', 33, '3261', 'Géczi Rudolf', 42, NULL, 557),
(202, 'Darling 2.0', 32, '1692', 'Gelencsér Attila', 102, NULL, 557),
(203, 'Apollo', 13, '1582', 'Gergely Csaba Győző', 6, NULL, 557),
(204, 'Solaris', 11, '2525', 'Gergely László', 82, '40:31:46', 306),
(205, 'Admirális', 29, '62', 'Gergely Norbert', 114, '39:26:12', 286),
(206, 'Zenit&More', 11, '2511', 'Gergely Norbert', 82, '46:46:52', 340),
(207, 'Vidra', 34, '1825', 'Gerő András', 29, '38:37:34', 268),
(208, 'Mérges Rája', 5, '963', 'Glaser Antal', 36, '37:43:12', 227),
(209, 'Jackpot', 31, '32', 'Goda Szilárd', 63, '37:55:06', 237),
(210, 'Aquarell', 28, '34', 'Goóts János', 58, '36:45:04', 197),
(211, 'Péter-Pál', 31, '284', 'Gosztonyi Pál', 102, '31:58:57', 52),
(212, 'Madicken', 5, '75', 'Gömbös Lóránd', 48, '35:51:18', 70),
(213, 'Millennium Falcon', 33, '1811', 'Greff Róbert', 42, NULL, 557),
(214, 'Red Rebell', 34, '1804', 'Gyarmati Károly', 110, NULL, 557),
(215, 'Weight', 8, '21', 'Gyenes Ákos', 102, NULL, 557),
(216, 'Törpicula', 35, '1789', 'Győrffy Anna Ágnes', 102, '43:05:13', 328),
(217, 'Borzongató', 28, '38', 'Győrffy Zoltán', 39, '39:32:31', 289),
(218, 'Meru', 23, '1107', 'Györgyei Attila', 74, '35:54:55', 78),
(219, 'Libra', 33, '1039', 'Gyuris László', 94, NULL, 557),
(220, 'Anonym', 11, '797', 'Hadzsi Attila', 28, '40:32:54', 307),
(221, 'Peták', 33, '7503', 'Halenár István', 36, NULL, 557),
(222, 'L30', 19, 'SUI 18', 'Hans Hessel (SUI)', 97, NULL, 557),
(223, 'Gandalf', 17, '1465', 'Haranghy Zoltán', 19, '41:10:11', 314),
(224, 'Talizmán', 26, '2', 'Haris György', 15, '36:06:52', 131),
(225, 'Vangelis', 33, '1081', 'Harmath Gábor', 19, NULL, 557),
(226, 'Gina', 32, '90', 'Hauser Mihály', 45, '46:41:45', 339),
(227, 'Kedves', 5, '586', 'Hebling Vilmos', 44, NULL, 557),
(228, 'Wendy', 33, '1001', 'Hegedűs Gábor', 71, '36:13:42', 152),
(229, 'Falcon', 31, '59', 'Hegyi Dénes Márton', 102, '35:56:10', 87),
(230, 'Fun Thomas', 33, '1507', 'Heinemann Tamás', 49, NULL, 557),
(231, 'Lelkész', 33, '3492', 'Heizler Tamás', 36, '36:37:16', 188),
(232, 'Ewing 1', 30, '324', 'Herczeg Mihály', 44, NULL, 557),
(233, 'Alboran S.S. II.', 32, 'HUN 63', 'Hercsel Erik', 20, NULL, 557),
(234, 'Daenerys', 32, '1100', 'Hernádi Péter', 32, '42:03:49', 323),
(235, 'Subi Dubi', 27, '787', 'Hevesi István', 102, '37:46:20', 232),
(236, 'A.T.W.A', 34, '1651', 'Hodvogner Jácint György', 102, NULL, 557),
(237, 'Kerecsen III.', 32, '1187', 'Horogh Gyula Árpád', 114, '36:20:44', 168),
(238, 'Cirka', 14, '865', 'Horvai Jenő', 5, '45:55:45', 336),
(239, 'After 8', 23, '1462', 'Horváth Attila', 33, '32:36:57', 60),
(240, 'Zero', 25, '3004', 'Horváth Attila', 118, '36:16:26', 163),
(241, 'Pupi', 6, '37', 'Horváth Gábor', 102, '36:14:40', 157),
(242, 'Crossbar', 30, '368', 'Horváth István', 68, '37:17:39', 214),
(243, 'Gyöngyszem', 14, '1374', 'Horváth János', 5, '36:57:07', 205),
(244, 'Sindbad', 32, '25', 'Horváth László', 20, '28:58:20', 39),
(245, 'Suttogó', 23, '1158', 'Horváth Tamás Sándor', 102, '34:50:04', 64),
(246, 'Elemiah', 33, '871', 'Horváth Zoltán', 119, '40:36:32', 308),
(247, 'Hercegnő', 34, '995', 'Horváth Zsolt', 18, NULL, 557),
(248, 'Bolero', 6, '45', 'Howells Thomas', 98, NULL, 557),
(249, 'Kishamis', 26, '2', 'Hrehuss György', 112, '31:27:50', 44),
(250, 'Kacor Király', 21, '3712', 'Hrutka Gábor', 114, NULL, 557),
(251, 'Santa Maria', 32, '1492', 'Huber Christian', 97, '41:20:36', 316),
(252, 'Equilor', 10, '126', 'Huber Péter Lél', 52, '33:14:25', 62),
(253, 'Nymeria', 27, '10306', 'Hunyadi László', 45, NULL, 557),
(254, 'Vágylak', 32, '1794', 'Hutvágner Zsolt', 44, NULL, 557),
(255, 'Supppy', 14, '731', 'id. Stadler Csaba', 5, '36:30:38', 176),
(256, 'Surprise', 21, '3708', 'ifj. Bernula János', 114, '28:26:16', 32),
(257, 'Patience', 34, '690', 'ifj. Bodó Péter Zoltán', 11, '37:31:15', 224),
(258, 'Bogi', 24, '3', 'ifj. Büki Gábor', 61, '12:31:59', 10),
(259, 'Triton', 25, '1260', 'ifj. Érdi Ferenc', 102, '36:00:50', 115),
(260, 'Csimborasszó', 10, '143', 'ifj. Fazakas György', 102, '32:00:12', 53),
(261, 'Csinibaba 2', 11, '1261', 'ifj. Illés János', 54, NULL, 557),
(262, 'Fortély', 31, '1151', 'ifj. Mucsi László', 37, '35:59:00', 107),
(263, 'Endurance', 33, '1729', 'Ifj. Nyisztor József', 16, '37:54:20', 235),
(264, 'Elanor', 31, '5566', 'ifj. Scholtz Imre', 102, NULL, 557),
(265, 'Svea', 35, '1410', 'ifj. Slezák András', 103, '38:33:22', 265),
(266, 'Almira Grande', 31, '508', 'Illés András', 70, '39:30:10', 287),
(267, 'Almira', 32, '1797', 'Illés Gábor', 70, NULL, 557),
(268, 'CloudNomad', 32, '1707', 'Illésy Pál', 63, '36:48:32', 200),
(269, 'Szélmény', 12, '1607', 'Illinger András', 58, '38:23:23', 259),
(270, 'Monaco', 12, '1736', 'Illy István', 64, NULL, 557),
(271, 'Berka', 28, '20', 'Imre Ferenc', 6, '36:32:24', 179),
(272, 'Calibra 21', 34, 'C 0050', 'Jacek Olubiński (POL)', 97, '35:57:13', 104),
(273, 'Szirákó', 27, '746', 'Jakab László', 102, NULL, 557),
(274, 'Fanatic', 22, '826', 'Jánoky László', 98, '31:53:19', 50),
(275, 'Köszönjük Emese', 29, '100', 'Jánosi Zoltán', 40, '40:54:47', 313),
(276, 'Headhunter', 14, '1076', 'Jasper Gábor', 5, '36:11:31', 148),
(277, 'Vintage', 33, '1611', 'Jászvári Péter', 105, '45:25:22', 334),
(278, 'Lucaszék', 29, '80', 'Job Viktor Károly', 33, '38:51:56', 275),
(279, 'Blöff', 23, '1141', 'Joó László', 103, '36:14:49', 158),
(280, 'Pannónia', 7, '5', 'Jordán Balázs', 43, NULL, 557),
(281, 'Raiffeisen Fifty-Fifty', 24, '5050', 'Józsa Márton Miklós', 48, '11:44:26', 2),
(282, 'Solei', 35, '1678', 'Juhász László', 32, NULL, 557),
(283, 'Glória', 26, '1', 'Juhász Miklós', 52, '35:59:58', 111),
(284, 'Assoagaudi', 31, 'GER 118', 'Kai Krausse (GER)', 97, '36:42:25', 193),
(285, 'Kajla', 18, '5365', 'Kajla Barna', 64, '38:59:41', 277),
(286, 'Zarándok', 16, '18', 'Kajner Gyula', 86, '36:05:12', 125),
(287, 'Fiji', 10, '63', 'Kakas Máté', 51, NULL, 557),
(288, 'Inhaca 3', 1, '18', 'Kálóczy Antal', 108, '31:34:50', 48),
(289, 'Jacky', 12, '1537', 'Karacs Zoltán', 58, '36:07:33', 136),
(290, 'T23', 24, '1800', 'Kasuba István', 8, '16:59:45', 13),
(291, 'Jöttment', 31, '25961', 'Kátai Dénes', 19, '35:51:55', 71),
(292, 'Casablanca', 28, '13', 'Kelemen András', 63, '44:27:56', 331),
(293, 'Tramontana', 26, '1', 'Kellermayer Sándor', 100, '35:53:13', 73),
(294, 'Béke', 4, '10', 'Kemény Balázs', 38, NULL, 557),
(295, 'Vízipók', 32, '3050', 'Kéri László', 7, '32:13:03', 56),
(296, 'Bóbita', 32, '1086', 'Kétszeri Csaba', 114, NULL, 557),
(297, 'Carolina', 32, '1782', 'Khéner András', 6, NULL, 557),
(298, 'Kerecsen', 16, '17', 'Kianek László', 109, NULL, 557),
(299, 'Oxygen', 22, '590', 'Király László', 102, NULL, 557),
(300, 'Papagena', 32, '105', 'Kisdaróczi János', 2, NULL, 557);

INSERT INTO hajok VALUES 
(301, 'Almira', 33, '510', 'Kisgyörgy Sármay Mónika', 102, '39:33:19', 291),
(302, 'Rozália', 33, '3032', 'Kiss János', 112, '37:02:48', 210),
(303, 'Marina', 35, '151', 'Kiss Zoltán', 47, NULL, 557),
(304, 'Carbonado', 21, '3706', 'Kiss-Bálint Zsolt', 6, '31:31:47', 46),
(305, 'Vokurka', 8, '68', 'Klébert János', 84, '36:17:05', 164),
(306, 'Gone With the Wind', 18, '109', 'Klenovszki János', 64, '38:40:35', 272),
(307, 'Zephyros III.', 27, '535', 'Kola Dániel', 102, '37:56:29', 238),
(308, 'Mercurano', 31, '1786', 'Koleszár Gergely', 120, NULL, 557),
(309, 'Therapy', 33, '3030', 'Koltai Zalán Géza', 6, '36:21:57', 169),
(310, 'Vera Natura', 19, '303', 'Komáromi Sándor', 102, '36:06:26', 129),
(311, 'Sailana', 12, '1473', 'Komenda Norbert', 58, '37:50:29', 234),
(312, 'Aquamarin', 33, '488', 'Komondi Pál', 102, NULL, 557),
(313, 'Saffier', 32, '1799', 'Koncz Ádám', 36, NULL, 557),
(314, 'Part-y', 15, '8', 'Koncz Dániel', 36, '35:58:15', 106),
(315, 'Thétisz', 30, '7', 'Koncz Péter', 63, '38:47:06', 273),
(316, 'Blade', 31, '1012', 'Kónya Zsolt', 91, '35:53:28', 74),
(317, 'Koma', 33, '1762', 'Koós Olivér', 36, '44:44:29', 333),
(318, 'Flaar 18', 33, '18007', 'Korenchy Tamás', 119, '39:14:51', 283),
(319, 'Cinderella', 33, '1353', 'Korvicska Csaba', 44, NULL, 557),
(320, 'Random', 20, '240', 'Kovács Attila', 114, '31:55:51', 51),
(321, 'Fortunee', 33, '1738', 'Kovács Imre', 58, NULL, 557),
(322, 'Szélénk', 12, '1444', 'Kovács Szabolcs', 58, '37:18:19', 215),
(323, 'Lynx', 33, '1731', 'Kovács Zoltán', 19, '40:03:14', 300),
(324, 'Snoopy', 14, '1035', 'Kovács Zsolt', 28, '42:10:29', 324),
(325, 'HunGer', 14, '1361', 'Kovácsik László', 5, '36:10:00', 144),
(326, 'Veritas', 33, '1598', 'Kozicsek Ferenc', 78, NULL, 557),
(327, 'Storm', 1, '1106', 'Köhler Imre', 6, '31:34:31', 47),
(328, 'Win-Win', 32, '5100', 'Kőszegi Zoltán', 46, '36:07:13', 133),
(329, 'Elysium', 34, '244', 'Kőváry Tamás', 96, '41:25:25', 318),
(330, 'Phoebus', 11, '51', 'Kreisz Tamás', 10, '37:44:57', 228),
(331, 'TriniTeam', 24, '333', 'Kreskai György', 101, NULL, 557),
(332, 'Naval', 21, '3711', 'Kristóffy Zsolt', 83, NULL, 557),
(333, 'Nostromo', 9, '1854', 'Kulcsár Viktor', 74, '28:37:11', 34),
(334, 'Magnum', 21, '3705', 'Kurucz Sándor', 27, '26:46:48', 25),
(335, 'Kárpát', 6, '8', 'Kutics János', 10, '36:14:04', 154),
(336, 'Lábad X', 25, '3301', 'Lábady Zsolt', 36, '35:24:45', 65),
(337, 'Marokintana', 31, '6119', 'Lampé Olivér', 22, '39:06:24', 278),
(338, 'Lelemény', 14, '658', 'László Zoltán', 5, '39:36:18', 295),
(339, 'Hajnalfény', 35, '1957', 'Légrády Gábor', 83, NULL, 557),
(340, 'Széltoló', 5, '5901', 'Lehoczky Ádám', 105, '35:56:41', 96),
(341, 'Hárpia', 4, '8', 'Lehoczky Tivadar', 52, NULL, 557),
(342, 'PreVital', 24, '12', 'Litkey Farkas', 54, '12:03:06', 8),
(343, 'Főszél', 29, '166', 'Lovas Sándor', 102, '36:01:39', 117),
(344, 'Halo', 30, '371', 'Lovasi Zsolt', 113, NULL, 557),
(345, 'Hector', 25, '1241', 'Luda Ottó', 54, '36:33:49', 182),
(346, 'König Ludwig', 10, 'GER 151', 'Luitpold von Bayern', 97, NULL, 557),
(347, 'Luna', 33, '1405', 'Madzin Attila', 19, NULL, 557),
(348, 'Viking', 23, '1326', 'Magyar István', 102, '36:00:11', 112),
(349, 'Dáma', 23, '1023', 'Major Gábor', 6, '36:11:40', 149),
(350, 'Rozsdás Bökő', 28, '44', 'Major László', 72, '36:31:15', 177),
(351, '#1', 36, '10', 'Majoross Bea', 102, '35:30:08', 66),
(352, 'Fantomasso', 10, '104', 'Majthényi Szabolcs', 89, NULL, 557),
(353, 'Narvál', 9, '78', 'Makai Gábor', 98, '27:22:08', 28),
(354, 'Kormorán', 33, '8088', 'Manninger Gusztáv', 99, NULL, 557),
(355, 'Kormix', 33, 'POL 00004P', 'Marek Kudelski (POL)', 97, '35:57:18', 105),
(356, 'Aeroplane', 31, '29021', 'Márfy Miklós', 36, NULL, 557),
(357, 'Álmom', 3, '34', 'Mátay László', 87, '40:41:07', 311),
(358, 'Márta Maria', 20, '211', 'Matlaszkovszky Miklós', 102, NULL, 557),
(359, 'Persona', 4, '18', 'Matyasovszki Géza', 23, '36:08:52', 138),
(360, 'Red Chili', 32, '1733', 'Mayor Gergely', 76, '37:59:28', 240),
(361, 'Etelburg', 25, '1716', 'Megyeri Péter', 102, NULL, 557),
(362, 'Kapitány', 32, '3600', 'Merkel Tamás', 80, '36:31:44', 178),
(363, 'Piros', 19, '304', 'Mészáros Mátyás', 55, NULL, 557),
(364, 'Vampire', 33, 'SVK 66', 'Michal Kelemen (SVK)', 97, '35:56:25', 91),
(365, 'Csér', 2, '15', 'Miklós Tibor', 112, '37:42:20', 226),
(366, 'Meléna', 2, '31', 'Mireider Ádám', 112, '36:27:10', 171),
(367, 'Alcone', 27, '280', 'Molnár Attila', 102, NULL, 557),
(368, 'Sun Dance', 33, '1653', 'Molnár Attila', 102, NULL, 557),
(369, 'Álom', 3, '101', 'Molnár Ferenc', 102, NULL, 557),
(370, 'Inyama', 13, '3500', 'Molnár Gábor', 102, '35:59:41', 109),
(371, 'Revolution', 21, '3703', 'Molnár György István', 112, '35:38:29', 68),
(372, 'First Aquarius', 13, '990', 'Molnár Imre László', 54, '38:59:21', 276),
(373, 'Pogány Madonna', 32, '1980', 'Molnár Szabolcs István', 1, NULL, 557),
(374, 'Ventus et Amores', 33, '1669', 'Muczer Zoltán', 118, '38:22:55', 258),
(375, 'Pax', 32, '1226', 'Munka László', 96, NULL, 557),
(376, 'Orion', 6, '14', 'Muraru Dániel János', 20, '40:17:50', 301),
(377, 'Bajadér', 29, '9', 'Muzik Péter', 76, '36:35:08', 183),
(378, 'Kármin', 33, '1331', 'Nadj István', 36, NULL, 557),
(379, 'Yuppi', 23, '1024', 'Nagy András', 6, '36:03:31', 121),
(380, 'Sputnik', 20, '209', 'Nagy Attila', 52, '28:23:12', 31),
(381, 'Tobago', 29, '92', 'Nagy Attila', 91, '36:15:57', 161),
(382, 'Brigant', 13, '1779', 'Nagy Bence', 42, '36:35:47', 184),
(383, 'San Remo', 12, '1737', 'Nagy Péter', 111, '42:11:45', 326),
(384, 'Aiolos', 25, '295', 'Nagy Tibor Imre', 93, '35:56:55', 100),
(385, 'Mákvirág', 33, '752', 'Nedbál Noel', 98, '38:04:36', 246),
(386, 'Mazsola', 31, '330', 'Negro Béla', 19, NULL, 557),
(387, 'Nemes', 21, '3709', 'Nemes Csaba', 20, '31:37:50', 49),
(388, 'Xenomorph', 5, '580', 'Nemes László', 116, '35:55:57', 84),
(389, 'Kebelbarát', 5, '921', 'Németh Ákos', 59, NULL, 557),
(390, "Paka'a", 33, '527', 'Németh Balázs', 13, '40:20:13', 303),
(391, 'Alison', 31, '1763', 'Németh Gábor', 13, '27:06:37', 26),
(392, 'Kekec', 34, '664', 'Németh László', 99, NULL, 557),
(393, 'Octopus', 32, '1652', 'Németh Péter Attila', 98, NULL, 557),
(394, 'Principessa', 36, '115', 'Oroszlán Péter', 20, '12:44:02', 11),
(395, 'Bödön', 34, '2222', 'Paár István', 105, '38:30:59', 264),
(396, 'Irokéz', 7, '7', 'Pajor Zsolt', 102, NULL, 557),
(397, '1', 10, '111', 'Paksi Álmos', 27, '28:37:52', 35),
(398, 'Cloud Nine', 32, '3131', 'Paksi Péter', 38, '39:11:38', 280),
(399, 'Che', 8, '61', 'Pál András', 73, NULL, 557),
(400, 'Gé.', 29, '155', 'Pál Gaszton', 102, NULL, 557);

INSERT INTO hajok VALUES
(401, 'Iceman II', 31, '877', 'Palkovics Krisztián', 116, NULL, 557),
(402, 'Fabula', 4, '25', 'Papp István', 24, NULL, 557),
(403, 'Joy', 33, '1577', 'Papp Tibor', 36, '36:40:08', 191),
(404, 'Findusz', 15, '4', 'Papp Zoltán', 6, '35:56:16', 89),
(405, 'Equvitus', 34, '1412', 'Pátkai Balázs', 44, '38:36:22', 267),
(406, 'AUDAX Django', 24, '878', 'Petrányi Zoltán', 27, '11:51:39', 3),
(407, 'Pyysaari', 33, '3948', 'Pillér-Nagy Viktor', 56, '38:03:31', 245),
(408, 'Mirabelle', 33, '8080', 'Pirigyi Levente', 37, NULL, 557),
(409, 'Mon Chérie', 33, '1741', 'Piskóti Attila Tamás', 35, NULL, 557),
(410, 'Regoplast', 36, '27', 'Polniczky Balázs Péter', 19, '26:13:40', 22),
(411, 'Betadine', 6, '71', 'Pomlényi Péter', 27, '37:00:11', 209),
(412, 'Xanax', 5, '4007', 'Pónya Gábor', 6, '36:01:12', 116),
(413, 'Sziszi', 27, '800', 'Poós Krisztián', 93, '36:18:40', 165),
(414, 'Oppá-Hoppá', 32, '2253', 'Pozsár László', 36, NULL, 557),
(415, 'Viza', 34, '1787', 'Purszki Csaba', 71, '46:37:10', 338),
(416, 'Lolina', 32, '1972', 'Quirico Domonkos', 116, NULL, 557),
(417, 'Daphne', 14, '1696', 'Racskó Dániel', 5, NULL, 557),
(418, 'Lola', 36, '1765', 'Rákóczi Gábor', 50, '25:18:40', 20),
(419, 'Quantum Sails Trentasette', 36, '37', 'Rauschenberger Miklós', 20, '23:29:31', 16),
(420, 'Faith II.', 34, '1664', 'Rebák Attila', 116, NULL, 557),
(421, 'Party-Sail', 34, '1575', 'Régi János Balázs', 116, NULL, 557),
(422, 'Szelíd', 34, '1445', 'Reider Péter', 102, '47:32:46', 343),
(423, 'M', 20, '392', 'Repei Tamás', 26, '38:39:31', 271),
(424, 'New Black Jack', 24, '5', 'Roland Gabler', 117, '12:02:28', 7),
(425, 'Pride', 13, '1584', 'Rozgonyi Balázs', 102, '39:47:12', 297),
(426, 'Vica', 3, '66', 'Rózner Tamás', 45, '36:06:03', 127),
(427, 'J', 33, '56', 'Ruják István', 102, NULL, 557),
(428, 'Losta', 26, '9', 'Rutai István', 98, '36:00:41', 114),
(429, 'Dolce Vita I.', 13, '3498', 'Sáfián László', 65, '37:25:24', 221),
(430, 'Lisette', 33, '1684', 'Sajben Mihály', 102, NULL, 557),
(431, 'Johanna', 16, '2', 'Salacz Ákos', 102, '39:12:19', 281),
(432, 'Predator', 23, '1140', 'Salamon Adorján', 44, NULL, 557),
(433, 'La Diva', 13, '1071', 'Salánki Tamás', 74, '37:44:59', 229),
(434, 'Pyxis', 32, '3103', 'Sári Lajos', 102, NULL, 557),
(435, 'Sponsor Wanted', 36, '1153', 'Sarina Róbert', 81, '22:41:21', 15),
(436, 'Accenture', 14, '1054', 'Sárközi Béla', 5, '38:03:30', 244),
(437, 'Cofidis', 24, '300', 'Sárközy András', 102, '15:42:10', 12),
(438, 'Carpe Diem', 22, '632', 'Sátori Bence', 98, NULL, 557),
(439, 'Reverto', 32, '3100', 'Schilling Dániel', 94, '39:32:46', 290),
(440, 'SAINT-TROPEZ', 12, '1442', 'Seres László János', 58, NULL, 557),
(441, 'Nyaffy', 14, '1064', 'Seres Péter', 5, NULL, 557),
(442, 'Gardazzurra', 36, '2000', 'Simó Béla', 16, '28:46:13', 37),
(443, 'Pirula', 23, '1109', 'Simó György', 98, NULL, 557),
(444, 'Csicsóka', 33, '8903', 'Simon Péter', 77, '36:49:35', 202),
(445, 'Libra', 33, '1609', 'Simon Zoltán', 119, '39:36:44', 296),
(446, 'Chili', 9, '8009', 'Sipos Zoltán', 72, '36:10:04', 145),
(447, 'Orphelins', 32, '780', 'Sipos Zoltán', 29, NULL, 557),
(448, 'Salt and Pepper', 32, '3038', 'Solti Árpád', 82, NULL, 557),
(449, 'Szamuráj Jack', 36, '11', 'Somogyi Lóránt', 88, '28:32:35', 33),
(450, 'Szélvész', 25, '3501', 'Soós István', 2, '35:54:35', 76),
(451, 'Avatar II.', 36, '1212', 'Soponyai Géza', 54, '20:29:40', 14),
(452, 'Hablaty', 34, '43', 'Stankovics Réka', 6, NULL, 557),
(453, 'Frank-ó', 32, '17', 'Strenger Róbert', 68, '36:20:14', 167),
(454, 'Haligali', 23, '882', 'Szabados Károly', 102, '36:36:32', 186),
(455, 'Szindbád', 27, '566', 'Szabó Gábor', 102, NULL, 557),
(456, 'Villon', 33, '1113', 'Szabó Gellért Pál', 6, NULL, 557),
(457, 'Infinity', 21, '3707', 'Szabó József', 54, '29:06:10', 40),
(458, 'Még nincs', 33, '1714', 'Szabó László', 16, '41:24:32', 317),
(459, 'Dudu', 33, '1648', 'Szabó László', 58, NULL, 557),
(460, 'Unilub-X', 32, '212', 'Szabó Péter', 4, '36:05:32', 126),
(461, 'Lunga', 33, '1723', 'Szabó Richárd', 58, NULL, 557),
(462, 'Dynamic', 33, '48', 'Szabó Roland', 39, '38:21:50', 257),
(463, 'Santorini', 33, '997', 'Szabó Szergej', 1, NULL, 557),
(464, 'Hosszúlépés', 27, '754', 'Szabó Tamás Vilmos', 96, NULL, 557),
(465, 'Amitié', 27, '84', 'Szabó Vilmos', 52, '35:56:32', 93),
(466, 'Zénó', 35, '1633', 'Szabó Zoltán', 57, '39:49:49', 298),
(467, 'Lidó', 32, '1632', 'Szabolcsi Balázs', 91, '36:40:49', 192),
(468, 'Remete', 31, '1118', 'Szakolczai András', 74, '27:23:21', 29),
(469, 'Mormota', 17, '642', 'Szamódy Zsolt Olaf', 5, '38:38:37', 270),
(470, 'Déli Szél', 9, '8001', 'Szamosi Viktor', 98, '35:56:34', 94),
(471, 'Szatmári', 31, '34147', 'Szatmári Zoltán', 53, '36:03:10', 119),
(472, 'Pilger', 33, '1818', 'Székely Csaba', 102, NULL, 557),
(473, 'Desiree', 3, '72', 'Székely Miklós', 102, '40:23:34', 305),
(474, 'Equinox', 34, '1206', 'Székely Róbert', 63, NULL, 557),
(475, 'Bonaventura', 33, '1103', 'Szekulesz György', 29, NULL, 557),
(476, 'Hendrix', 33, '337', 'Szentiványi Gábor', 6, '38:30:20', 263),
(477, 'Dopff', 32, '2051', 'Szentmarjai Gábor', 79, '36:00:24', 113),
(478, 'Natrium Hyatt', 8, '9', 'Szentpéteri Ádám', 102, '36:06:13', 128),
(479, 'Fly Star 26', 32, '77', 'Szepesi Gusztáv', 81, NULL, 557),
(480, 'No1', 36, '1', 'Szépfy Zsombor', 89, '24:07:04', 17),
(481, 'Spleen II.', 33, '1186', 'Szigeti Szabolcs Zoltán', 63, '39:32:28', 288),
(482, 'Silence', 34, '245', 'Sziklai Gábor', 13, NULL, 557),
(483, 'Galiba', 14, '1289', 'Szipola Tamás', 5, NULL, 557),
(484, 'Viastein Lisa', 36, '501', 'Szloszjár Gábor', 61, NULL, 557),
(485, 'Last Dreamer', 33, '1739', 'Szmicsek Sándor', 47, '38:35:31', 266),
(486, 'Prosecco', 33, '1733', 'Szombati Anett', 58, NULL, 557),
(487, 'Póstás', 17, '10', 'Szutor Ferenc', 38, NULL, 557),
(488, 'Tromos', 35, '133', 'Szutor Róbert', 10, '41:18:53', 315),
(489, 'Scheerburg', 31, '1022', 'Takács Miklós', 54, '36:28:32', 174),
(490, 'Nagymágus', 16, '9', 'Takácsy Géza', 102, '36:14:31', 156),
(491, 'Krajcár', 7, '3', 'Takáts Lukács', 114, '35:55:42', 83),
(492, 'Marlin', 32, '29', 'Tarjányi Attila', 37, NULL, 557),
(493, 'Jonathán', 33, '1038', 'Tassonyi Kadocsa', 19, NULL, 557),
(494, 'Sleepwalker', 21, '3704', 'Temesfői Zénó', 21, '26:36:26', 24),
(495, 'Kuruzsló', 3, '75', 'Terbe Attila', 102, '36:58:03', 207),
(496, 'Pharmacon', 32, '1821', 'Ternyik László', 102, NULL, 557),
(497, 'Foxylady', 33, '366', 'Tilki Róbert', 102, NULL, 557),
(498, 'Monka', 34, '3278', 'Tivolt Zoltán', 116, NULL, 557),
(499, 'Öreg', 29, '156', 'Toronyi Bence', 52, '38:13:39', 253),
(500, 'Nemere', 31, '1379', 'Tósoki Török Szilárd', 13, NULL, 557);

INSERT INTO hajok VALUES
(501, 'Cortina', 33, '1720', 'Tóth Attila Gábor', 58, '45:53:11', 335),
(502, 'Blixem', 32, '5314', 'Tóth Balázs', 60, '36:14:59', 159),
(503, 'Jégvirág', 22, '789', 'Tóth Gábor', 19, '35:59:32', 108),
(504, 'Sol', 32, '1725', 'Tóth Gábor Attila', 3, '37:38:19', 225),
(505, 'Rodan', 33, '1796', 'Tóth Péter', 14, NULL, 557),
(506, 'Tócsa', 32, '1793', 'Tóth Péter', 49, NULL, 557),
(507, 'SunShine', 13, '1702', 'Tóth Tamás Péter', 42, NULL, 557),
(508, 'Fantom', 21, '3702', 'Török Zoltán', 6, '31:28:02', 45),
(509, "Jim Jam's", 32, '1717', 'Turcsán Pál Tamás', 116, '36:19:38', 166),
(510, 'Sunnyboy', 32, '152', 'Turi András', 91, '36:16:24', 162),
(511, 'Hepp', 34, '431', 'Tuss Réka', 102, '38:09:23', 248),
(512, 'Glückauf', 4, '50', 'Ujhelyi-Gáspár Miklós', 89, NULL, 557),
(513, 'Ábránd', 16, '25', 'Ujvári Gábor', 14, '36:45:33', 198),
(514, 'André', 33, '1399', 'Ulbert István', 72, NULL, 557),
(515, 'Pókerarc', 33, '1242', 'Urvölgyi Tamás', 58, NULL, 557),
(516, 'Lindesnes', 33, '1800', 'Vámosi András', 118, '38:18:50', 255),
(517, 'Brainstorm', 21, '3701', 'Vándor László', 6, '35:55:17', 80),
(518, 'RSM', 24, '45', 'Vándor Róbert', 75, '11:42:12', 1),
(519, 'Nostra', 27, '1143', 'Vanek Balázs', 35, '38:25:09', 261),
(520, 'Tintahal', 23, '1110', 'Váradi Attila', 116, NULL, 557),
(521, 'Nemere II.', 26, '1', 'Váradi Imre Miklós', 20, '24:52:46', 19),
(522, 'Macarella', 31, '1501', 'Váradi Miklós', 20, NULL, 557),
(523, 'Nanushka Forestay', 24, '88', 'Váradi Szabó János', 20, '12:02:00', 6),
(524, 'Fehér Sólyom', 32, '472', 'Varga Ákos', 22, NULL, 557),
(525, 'Helena', 32, '1344', 'Varga Huba', 104, '35:52:46', 72),
(526, 'Orca', 33, '957', 'Varga István', 89, '38:01:09', 242),
(527, 'Nelson Flottalízing', 9, '4', 'Varga Lajos', 20, '28:39:11', 36),
(528, 'Viero', 31, '4500', 'Varga Olivér', 58, '40:20:45', 304),
(529, 'Shark', 32, '1467', 'Várkonyi Judit', 58, NULL, 557),
(530, 'Menta', 23, '1112', 'Varsányi Gábor', 26, NULL, 557),
(531, 'Pepe Verde', 28, '68', 'Vass István', 80, NULL, 557),
(532, 'Gombócartúr', 33, '1246', 'Veres Sándor', 106, NULL, 557),
(533, 'Cimbi', 33, '999', 'Vermes András', 29, NULL, 557),
(534, 'Viapan', 12, '2018', 'Vida Péter', 58, '35:56:36', 95),
(535, 'Carrera 290', 31, '29022', 'Vida Timea', 53, '36:36:34', 187),
(536, 'Amphitrité', 5, '573', 'Virág Barnabás', 85, NULL, 557),
(537, 'Pegazus', 15, '35', 'Virág Flóra Anna', 9, '36:03:30', 120),
(538, 'Team Play', 25, '3003', 'Vizi Attila Gergely', 89, '36:56:08', 203),
(539, 'Team Manana', 23, '1165', 'Völgyi Botond', 102, '32:26:32', 59),
(540, 'Mosquito', 33, '2193', 'Vörös András Imre', 113, '38:02:57', 243),
(541, 'Seahorse', 31, '1820', 'Vörös László', 86, '39:08:29', 279),
(542, 'Bdcsny.hu', 32, '443', 'Vörös Péter', 118, '44:42:10', 332),
(543, 'Wamot', 33, 'POL 1551', 'Wacław Skiba (POL)', 97, '35:56:46', 97),
(544, 'Zsó2', 34, '1822', 'Weber Antal', 60, '38:20:45', 256),
(545, 'BDO', 10, '127', 'Weinber Zsófia', 20, NULL, 557),
(546, 'Incognito', 32, '822', 'Welesz Balázs', 93, '37:54:58', 236),
(547, 'Linie', 34, '1429', 'Wittinghoff Tamás', 6, '38:15:50', 254),
(548, 'Zarándok', 17, '960', 'Wlasitsch Tamás', 116, '40:38:14', 309),
(549, 'Stinger 24,6', 32, '21160', 'Wojciech Spisak (POL)', 97, '33:36:09', 63),
(550, 'Kékmadár', 4, '7', 'Wossala Kristóf', 96, NULL, 557),
(551, 'Domino', 32, '6', 'Zakariás Boldizsár', 52, NULL, 557),
(552, 'Mitra', 33, '1718', 'Zárda Olivér', 6, NULL, 557),
(553, 'Manual', 1, '158', 'Zeöld Ákos', 68, '35:55:27', 81),
(554, 'Montana', 8, '73', 'Ziegler János', 89, NULL, 557),
(555, 'Louna', 32, '1661', 'Zombor Csaba', 6, '36:57:19', 206),
(556, 'Laza', 11, '2507', 'Zsitró Attila', 58, NULL, 557);
